{
  "project_info": {
    "project_number": "80359868831",
    "project_id": "demo1-84e90",
    "storage_bucket": "demo1-84e90.firebasestorage.app"
  },
  "client": [
    {
      "client_info": {
        "mobilesdk_app_id": "1:80359868831:android:4ac503005c3e30457bd5aa",
        "android_client_info": {
          "package_name": "com.example.final_assignmnet"
        }
      },
      "oauth_client": [],
      "api_key": [
        {
          "current_key": "AIzaSyD5yiZHWpM3coYo1U9G6OMfRKaI_WqYMEg"
        }
      ],
      "services": {
        "appinvite_service": {
          "other_platform_oauth_client": []
        }
      }
    }
  ],
  "configuration_version": "1"
}